CO2 (PPM), Latitude, Longitude, Altitude, Air Speed (m/s), Mode, Fixed Sats, Available Sats
533,44.380616,-73.2582849,50.63,0.189999997616,AUTO,4,11
533,44.3806158,-73.2582856,50.64,0.0399999991059,AUTO,4,11
533,44.3806162,-73.258285,50.64,0.209999993443,AUTO,4,11
533,44.3806184,-73.2582842,50.65,0.209999993443,AUTO,4,10
533,44.3806187,-73.2582853,50.64,0.0899999961257,AUTO,4,10
533,44.3806187,-73.2582867,50.63,0.189999997616,AUTO,4,10
533,44.3806185,-73.2582862,50.65,0.280000001192,AUTO,4,10
533,44.3806175,-73.2582864,50.65,0.070000000298,AUTO,4,10
533,44.3806171,-73.2582865,50.62,0.159999996424,AUTO,4,10
533,44.3806162,-73.2582861,50.62,0.0999999940395,AUTO,4,10
533,44.3806158,-73.2582859,50.62,0.289999991655,AUTO,4,10
533,44.3806148,-73.258286,50.6,0.0999999940395,AUTO,4,10
532,44.3806148,-73.2582863,50.6,0.0499999970198,AUTO,4,10
532,44.3806145,-73.2582858,50.6,0.0999999940395,AUTO,4,10
532,44.380614,-73.2582853,50.6,0.0799999982119,AUTO,4,10
532,44.3806138,-73.258285,50.6,0.109999999404,AUTO,4,10
532,44.380613,-73.2582858,50.6,0.179999992251,AUTO,4,10
532,44.3806131,-73.2582855,50.62,0.159999996424,AUTO,4,10
532,44.3806128,-73.2582862,50.61,0.0499999970198,AUTO,4,10
532,44.3806125,-73.2582863,50.61,0.140000000596,AUTO,4,10
532,44.3806123,-73.2582851,50.61,0.299999982119,AUTO,4,10
532,44.3806122,-73.2582846,50.61,0.199999988079,AUTO,4,10
532,44.3806124,-73.2582836,50.61,0.0999999940395,AUTO,4,10
532,44.3806122,-73.2582816,50.6,0.140000000596,AUTO,4,10
532,44.3806127,-73.2582815,50.56,0.0499999970198,AUTO,4,10
532,44.3806132,-73.2582807,50.56,0.070000000298,AUTO,4,10
532,44.3806129,-73.2582814,50.56,0.119999997318,AUTO,4,10
532,44.380614,-73.2582808,50.54,0.0499999970198,AUTO,4,10
532,44.3806143,-73.258281,50.53,0.109999999404,AUTO,4,10
532,44.3806141,-73.2582805,50.54,0.109999999404,AUTO,4,10
532,44.3806139,-73.2582807,50.54,0.209999993443,AUTO,4,10
532,44.3806136,-73.2582813,50.53,0.070000000298,AUTO,4,10
532,44.3806137,-73.2582809,50.52,0.0999999940395,AUTO,4,10
532,44.3806133,-73.2582794,50.53,0.109999999404,AUTO,4,10
532,44.3806129,-73.2582813,50.53,0.269999980927,AUTO,4,10
532,44.3806126,-73.2582825,50.53,0.149999991059,AUTO,4,10
532,44.3806127,-73.2582832,50.55,0.0399999991059,AUTO,4,10
532,44.3806128,-73.2582829,50.53,0.159999996424,AUTO,4,10
532,44.3806134,-73.2582829,50.54,0.159999996424,AUTO,4,10
532,44.3806135,-73.2582827,50.53,0.019999999553,AUTO,4,10
532,44.3806126,-73.2582821,50.53,0.259999990463,AUTO,4,10
532,44.3806137,-73.2582808,50.57,0.129999995232,AUTO,4,10
532,44.3806138,-73.2582816,50.8,0.0799999982119,AUTO,4,10
532,44.3806126,-73.2582818,50.96,0.259999990463,AUTO,4,10
532,44.3806157,-73.2582786,51.02,1.0,AUTO,4,10
532,44.380615,-73.2582788,51.14,0.42999997735,AUTO,4,10
532,44.3806136,-73.2582782,51.16,0.129999995232,AUTO,4,10
532,44.380611,-73.2582823,51.16,0.419999986887,AUTO,4,10
532,44.3806098,-73.2582847,51.16,0.0899999961257,AUTO,4,10
532,44.3806087,-73.2582861,51.16,0.070000000298,AUTO,4,10
532,44.3806064,-73.2582908,51.22,0.109999999404,AUTO,4,10
532,44.3806042,-73.2582935,51.38,0.340000003576,AUTO,4,10
532,44.3806037,-73.2582946,51.42,0.209999993443,AUTO,4,10
533,44.3806026,-73.2582954,51.45,0.0499999970198,AUTO,4,10
533,44.3806017,-73.2582968,51.45,0.259999990463,AUTO,4,10
533,44.3806003,-73.2582973,51.45,0.179999992251,AUTO,4,10
533,44.380597,-73.2583013,51.45,0.140000000596,AUTO,4,10
534,44.3805961,-73.2583033,51.44,0.0899999961257,AUTO,4,10
534,44.3805949,-73.2583057,51.42,0.0299999993294,AUTO,4,10
534,44.3805941,-73.258308,51.4,0.149999991059,AUTO,4,10
534,44.3805936,-73.2583111,51.4,0.129999995232,AUTO,4,10
536,44.3805937,-73.2583132,51.4,0.0999999940395,AUTO,4,10
536,44.3805942,-73.2583152,51.38,0.0999999940395,AUTO,4,10
536,44.3805946,-73.2583159,51.38,0.0899999961257,AUTO,4,10
539,44.3805961,-73.2583194,51.4,0.0499999970198,AUTO,4,10
539,44.3805971,-73.2583206,51.39,0.289999991655,AUTO,4,10
539,44.3805984,-73.258321,51.38,0.289999991655,AUTO,4,10
539,44.3805995,-73.2583206,51.4,0.819999992847,AUTO,4,10
546,44.3806018,-73.2583202,51.39,0.829999983311,AUTO,4,10
546,44.3806046,-73.2583205,51.41,1.17999994755,AUTO,4,10
546,44.3806068,-73.2583183,51.45,1.12999999523,AUTO,4,10
546,44.3806111,-73.2583171,51.47,0.689999997616,AUTO,4,10
550,44.3806122,-73.2583163,51.43,0.459999978542,AUTO,4,10
550,44.3806128,-73.2583157,51.41,0.449999988079,AUTO,4,10
550,44.3806127,-73.2583148,51.4,0.310000002384,AUTO,4,10
550,44.380613,-73.2583125,51.34,0.259999990463,AUTO,4,10
555,44.3806133,-73.2583117,51.34,0.170000001788,AUTO,4,10
555,44.380613,-73.2583115,51.3,0.0299999993294,AUTO,4,10
555,44.3806129,-73.258311,51.25,0.280000001192,AUTO,4,10
557,44.3806134,-73.2583105,51.23,0.129999995232,AUTO,4,10
557,44.3806134,-73.2583085,51.26,0.0899999961257,AUTO,4,10
557,44.3806132,-73.2583081,51.27,0.0799999982119,AUTO,4,10
557,44.3806122,-73.2583098,51.28,0.209999993443,AUTO,4,10
559,44.3806114,-73.2583107,51.29,0.189999997616,AUTO,4,10
559,44.3806109,-73.2583121,51.32,0.0499999970198,AUTO,4,10
559,44.3806101,-73.2583126,51.29,0.0499999970198,AUTO,4,10
559,44.3806089,-73.258315,51.29,0.0599999986589,AUTO,4,10
560,44.3806089,-73.2583158,51.31,0.149999991059,AUTO,4,10
560,44.3806089,-73.2583151,51.32,0.140000000596,AUTO,4,10
560,44.3806098,-73.2583142,51.3,0.170000001788,AUTO,4,10
560,44.3806093,-73.2583125,51.28,0.0499999970198,AUTO,4,10
560,44.380609,-73.2583115,51.26,0.109999999404,AUTO,4,10
560,44.3806085,-73.2583097,51.25,0.070000000298,AUTO,4,10
560,44.38061,-73.2583089,51.27,0.0799999982119,AUTO,4,10
561,44.3806106,-73.2583091,51.3,0.00999999977648,AUTO,4,10
561,44.3806109,-73.2583089,51.29,0.0899999961257,AUTO,4,10
561,44.3806111,-73.2583089,51.3,0.019999999553,AUTO,4,10
561,44.3806108,-73.2583083,51.31,0.0599999986589,AUTO,4,10
561,44.3806102,-73.2583075,51.31,0.0399999991059,AUTO,4,10
561,44.3806098,-73.2583067,51.29,0.0499999970198,AUTO,4,10
561,44.3806097,-73.2583062,51.29,0.0799999982119,AUTO,4,10
561,44.3806098,-73.2583063,51.28,0.0799999982119,AUTO,4,10
562,44.3806095,-73.2583063,51.28,0.0799999982119,AUTO,4,10
562,44.3806082,-73.2583059,51.27,0.129999995232,AUTO,4,10
562,44.3806078,-73.258306,51.27,0.140000000596,AUTO,4,10
562,44.3806074,-73.2583053,51.27,0.189999997616,AUTO,4,10
561,44.3806068,-73.2583045,51.21,0.0899999961257,AUTO,4,10
561,44.3806062,-73.2583046,51.19,0.199999988079,AUTO,4,10
561,44.3806081,-73.2583037,51.22,0.449999988079,AUTO,4,10
559,44.38061,-73.2583032,51.2,1.06999993324,AUTO,4,10
559,44.3806151,-73.2583031,51.22,1.38999998569,AUTO,4,10
559,44.3806204,-73.2583027,51.23,0.810000002384,AUTO,4,10
559,44.3806227,-73.258303,51.23,0.389999985695,AUTO,4,10
560,44.3806228,-73.2583029,51.22,0.109999999404,AUTO,4,10
560,44.3806225,-73.2583047,51.23,0.969999969006,AUTO,4,10
560,44.380623,-73.2583119,51.26,1.45999991894,AUTO,4,10
560,44.3806233,-73.2583265,51.29,1.53999996185,AUTO,4,10
560,44.3806229,-73.258333,51.26,1.15999996662,AUTO,4,10
560,44.3806227,-73.2583415,51.19,1.54999995232,AUTO,4,10
560,44.3806211,-73.2583538,51.16,1.84999990463,AUTO,4,10
560,44.3806192,-73.2583694,51.08,1.95999991894,AUTO,4,10
559,44.3806181,-73.258382,51.03,1.83999991417,AUTO,4,10
559,44.380617,-73.2583909,50.98,1.70999991894,AUTO,4,10
559,44.3806162,-73.2584048,50.94,1.69999992847,AUTO,4,10
560,44.3806166,-73.2584133,50.93,1.79999995232,AUTO,4,10
560,44.3806177,-73.2584316,50.94,1.82999992371,AUTO,4,10
560,44.3806179,-73.2584398,50.93,1.80999994278,AUTO,4,10
560,44.3806174,-73.2584473,50.97,1.38999998569,AUTO,4,10
559,44.3806172,-73.2584601,50.95,1.61000001431,AUTO,4,10
559,44.3806173,-73.2584696,50.93,1.70999991894,AUTO,4,10
559,44.3806165,-73.2584862,50.89,1.62999999523,AUTO,4,10
559,44.3806154,-73.2584954,50.87,1.63999998569,AUTO,4,10
559,44.3806132,-73.2585079,50.85,1.56999993324,AUTO,4,10
559,44.3806114,-73.2585166,50.8,1.25,AUTO,4,10
559,44.380609,-73.2585259,50.81,1.41999995708,AUTO,4,10
559,44.3806056,-73.258536,50.78,1.32999992371,AUTO,4,10
558,44.3806017,-73.2585467,50.74,1.76999998093,AUTO,4,10
558,44.3805992,-73.2585548,50.71,1.81999993324,AUTO,4,10
558,44.3805968,-73.258563,50.64,1.7199999094,AUTO,4,10
556,44.3805924,-73.25858,50.52,1.95999991894,AUTO,4,10
556,44.3805911,-73.2585878,50.49,1.39999997616,AUTO,4,10
556,44.3805889,-73.2585994,50.46,1.62999999523,AUTO,4,10
556,44.3805871,-73.2586073,50.44,1.7199999094,AUTO,4,10
556,44.3805833,-73.2586229,50.45,1.69999992847,AUTO,4,10
556,44.3805808,-73.2586302,50.42,1.61000001431,AUTO,4,10
556,44.3805773,-73.2586407,50.38,1.45999991894,AUTO,4,10
556,44.3805749,-73.2586479,50.33,1.74000000954,AUTO,4,10
555,44.3805718,-73.2586557,50.3,1.77999997139,AUTO,4,10
555,44.3805665,-73.2586713,50.32,1.80999994278,AUTO,4,10
555,44.3805644,-73.2586778,50.27,1.78999996185,AUTO,4,10
555,44.3805607,-73.2586888,50.29,1.4699999094,AUTO,4,11
554,44.380559,-73.2586948,50.29,1.48000001907,AUTO,4,11
554,44.3805539,-73.2587084,50.24,1.5,AUTO,4,11
554,44.3805519,-73.258715,50.25,1.38999998569,AUTO,4,11
552,44.3805478,-73.2587239,50.22,1.36000001431,AUTO,4,11
552,44.3805454,-73.2587302,50.18,1.69999992847,AUTO,4,11
552,44.3805411,-73.2587412,50.14,1.82999992371,AUTO,4,11
552,44.3805371,-73.2587519,50.02,1.59999990463,AUTO,4,11
551,44.3805326,-73.2587631,49.99,1.62999999523,AUTO,4,11
551,44.3805297,-73.2587708,49.97,1.59999990463,AUTO,4,11
551,44.3805267,-73.2587787,50.0,1.45999991894,AUTO,4,11
551,44.3805238,-73.25879,50.01,1.7199999094,AUTO,4,11
550,44.3805201,-73.2588015,50.02,1.40999996662,AUTO,4,11
550,44.3805163,-73.2588108,50.01,1.41999995708,AUTO,4,11
550,44.3805142,-73.2588167,49.96,1.43999993801,AUTO,4,11
550,44.3805095,-73.2588254,49.9,1.23000001907,AUTO,4,11
549,44.3805039,-73.2588344,49.83,1.41999995708,AUTO,4,11
549,44.3805005,-73.2588409,49.53,0.729999959469,AUTO,4,11
549,44.3804986,-73.258844,49.29,0.239999994636,AUTO,4,11
547,44.3804983,-73.2588457,49.26,0.149999991059,AUTO,4,11
547,44.3804978,-73.2588461,49.32,0.199999988079,AUTO,4,11
547,44.3804978,-73.2588475,49.24,0.25,AUTO,4,11
547,44.3804975,-73.2588481,49.24,0.0299999993294,AUTO,4,11
545,44.3804973,-73.2588474,49.25,0.0799999982119,AUTO,4,11
545,44.3804971,-73.2588478,49.24,0.170000001788,AUTO,4,11
545,44.3804976,-73.2588488,49.22,0.239999994636,AUTO,4,11
545,44.3804989,-73.2588541,49.22,0.25,AUTO,4,11
542,44.3804989,-73.2588567,49.19,0.0799999982119,AUTO,4,10
542,44.3804989,-73.2588596,49.19,0.0599999986589,AUTO,4,11
542,44.380499,-73.2588606,49.2,0.0299999993294,AUTO,4,11
542,44.3804984,-73.2588639,49.18,0.0499999970198,AUTO,4,11
541,44.3804989,-73.2588648,49.19,0.0899999961257,AUTO,4,11
541,44.3804991,-73.2588647,49.18,0.0599999986589,AUTO,4,11
541,44.3804985,-73.2588652,49.18,0.070000000298,AUTO,4,11
539,44.380498,-73.2588661,49.18,0.0399999991059,AUTO,4,11
539,44.3804981,-73.2588675,49.17,0.070000000298,AUTO,4,11
539,44.380498,-73.2588684,49.17,0.0399999991059,AUTO,4,11
539,44.380498,-73.2588693,49.17,0.0799999982119,AUTO,4,11
537,44.3804977,-73.2588697,49.17,0.0799999982119,AUTO,4,11
537,44.3804975,-73.2588698,49.17,0.070000000298,AUTO,4,11
537,44.3804974,-73.2588695,49.15,0.019999999553,AUTO,4,11
537,44.3804973,-73.2588698,49.15,0.149999991059,AUTO,4,11
537,44.3804973,-73.2588702,49.16,0.0499999970198,AUTO,4,11
537,44.3804972,-73.25887,49.16,0.179999992251,AUTO,4,11
537,44.3804973,-73.25887,49.17,0.0399999991059,AUTO,4,11
537,44.3804972,-73.2588701,49.17,0.0399999991059,AUTO,4,11
535,44.3804971,-73.2588696,49.17,0.25,AUTO,4,11
535,44.3804968,-73.2588699,49.18,0.070000000298,AUTO,4,11
535,44.380497,-73.2588698,49.17,0.0499999970198,AUTO,4,11
533,44.3804972,-73.2588697,49.18,0.070000000298,AUTO,4,11
533,44.3804973,-73.25887,49.18,0.149999991059,AUTO,4,11
533,44.3804972,-73.2588697,49.19,0.119999997318,AUTO,4,11
533,44.3804975,-73.2588693,49.2,0.0999999940395,AUTO,4,11
532,44.3804979,-73.2588692,49.17,0.0399999991059,AUTO,4,11
532,44.3804982,-73.258869,49.16,0.0599999986589,AUTO,4,11
532,44.3804989,-73.2588692,49.15,0.0999999940395,AUTO,4,11
532,44.3804991,-73.2588692,49.17,0.109999999404,AUTO,4,11
531,44.3805,-73.2588694,49.15,0.0999999940395,AUTO,4,11
531,44.3805003,-73.2588694,49.15,0.0299999993294,AUTO,4,11
531,44.3805008,-73.2588696,49.16,0.0499999970198,AUTO,4,11
531,44.3805011,-73.25887,49.15,0.119999997318,AUTO,4,11
529,44.3805012,-73.2588698,49.16,0.00999999977648,AUTO,4,11
529,44.3805014,-73.25887,49.16,0.0799999982119,AUTO,4,11
529,44.3805015,-73.2588703,49.16,0.00999999977648,AUTO,4,11
528,44.3805014,-73.25887,49.13,0.179999992251,AUTO,4,11
528,44.3805011,-73.2588699,49.13,0.0299999993294,AUTO,4,11
528,44.380501,-73.2588699,49.13,0.170000001788,AUTO,4,11
528,44.3805012,-73.2588701,49.13,0.019999999553,STABILIZE,4,11
526,44.3805011,-73.2588704,49.13,0.0499999970198,STABILIZE,4,11
526,44.380501,-73.2588705,49.12,0.019999999553,STABILIZE,4,11
526,44.3805001,-73.2588709,49.12,0.119999997318,STABILIZE,4,11
526,44.3804997,-73.258871,49.15,0.149999991059,STABILIZE,4,11
526,44.3804997,-73.2588709,49.16,0.070000000298,STABILIZE,4,11
526,44.3804994,-73.2588707,49.16,0.0299999993294,STABILIZE,4,11
526,44.3804993,-73.2588702,49.15,0.109999999404,STABILIZE,4,11
526,44.380499,-73.2588708,49.17,0.0899999961257,STABILIZE,4,11
519,44.3804994,-73.2588702,49.18,0.109999999404,STABILIZE,4,11
519,44.3804995,-73.25887,49.15,0.0599999986589,STABILIZE,4,11
519,44.3804995,-73.2588694,49.17,0.0899999961257,STABILIZE,4,11
517,44.3805001,-73.2588688,49.16,0.0499999970198,STABILIZE,4,11
517,44.3805001,-73.2588688,49.15,0.0899999961257,STABILIZE,4,11
517,44.3804997,-73.2588687,49.14,0.0399999991059,STABILIZE,4,11
517,44.3804996,-73.2588692,49.14,0.109999999404,STABILIZE,4,11
518,44.3804995,-73.2588691,49.14,0.0499999970198,STABILIZE,4,11
518,44.3804994,-73.258869,49.14,0.129999995232,STABILIZE,4,11
518,44.3804997,-73.2588684,49.14,0.0599999986589,STABILIZE,4,11
518,44.3804998,-73.2588676,49.14,0.019999999553,STABILIZE,4,11
517,44.3804998,-73.2588674,49.14,0.0899999961257,STABILIZE,4,11
517,44.3804998,-73.2588672,49.14,0.0599999986589,STABILIZE,4,11
517,44.3804996,-73.2588671,49.14,0.0899999961257,GUIDED,4,11
517,44.3804993,-73.2588667,49.14,0.109999999404,GUIDED,4,11
517,44.3804992,-73.2588665,49.26,0.0999999940395,GUIDED,4,11
517,44.3805032,-73.2588632,49.53,0.399999976158,GUIDED,4,11
517,44.380508,-73.2588462,50.06,1.74000000954,GUIDED,4,11
511,44.3805082,-73.2588305,50.92,2.13999986649,GUIDED,4,11
511,44.3805073,-73.2588305,51.85,0.589999973774,GUIDED,4,11
511,44.3805098,-73.2588439,52.78,2.25999999046,GUIDED,4,11
511,44.380512,-73.2588601,53.73,2.53999996185,GUIDED,4,11
512,44.3805099,-73.25887,54.78,1.54999995232,GUIDED,4,11
512,44.3805034,-73.258876,56.45,1.29999995232,GUIDED,4,11
512,44.380501,-73.2588806,57.43,1.10000002384,GUIDED,4,11
512,44.3804998,-73.2588845,58.07,1.01999998093,GUIDED,4,11
511,44.3804988,-73.2588866,58.49,0.579999983311,GUIDED,4,11
511,44.380498,-73.2588857,58.75,0.229999989271,GUIDED,4,11
511,44.380498,-73.2588822,58.92,0.419999986887,GUIDED,4,11
65535,44.3804984,-73.2588775,59.02,0.669999957085,GUIDED,4,11
511,44.3804986,-73.2588709,59.11,0.560000002384,GUIDED,4,11
511,44.3804983,-73.258868,59.1,0.319999992847,GUIDED,4,11
511,44.3804993,-73.2588672,59.13,0.329999983311,AUTO,4,11
511,44.380501,-73.258866,59.39,0.42999997735,AUTO,4,11
511,44.3805013,-73.2588643,59.92,0.340000003576,AUTO,4,11
511,44.3805001,-73.2588637,60.67,0.379999995232,AUTO,4,11
511,44.380499,-73.2588639,61.6,0.189999997616,AUTO,4,11
510,44.380499,-73.2588646,62.61,0.280000001192,AUTO,4,11
510,44.3805,-73.2588658,63.68,0.239999994636,AUTO,4,11
510,44.3805013,-73.2588672,65.39,0.379999995232,AUTO,4,11
510,44.3805017,-73.2588677,66.56,0.259999990463,AUTO,4,11
509,44.3805017,-73.2588678,67.79,0.070000000298,AUTO,4,11
509,44.3805018,-73.2588687,68.97,0.140000000596,AUTO,4,11
509,44.3805016,-73.2588706,70.2,0.299999982119,AUTO,4,11
509,44.3805014,-73.2588722,71.3,0.340000003576,AUTO,4,11
509,44.3805009,-73.2588741,72.33,0.550000011921,AUTO,4,11
509,44.3804994,-73.2588783,73.26,0.579999983311,AUTO,4,11
509,44.3804999,-73.2588818,73.45,0.620000004768,AUTO,4,11
512,44.3805008,-73.2588836,73.43,0.870000004768,AUTO,4,11
512,44.3805056,-73.258891,73.05,1.13999998569,AUTO,4,11
512,44.3805096,-73.2588968,72.63,1.35000002384,AUTO,4,11
512,44.3805137,-73.2589024,72.03,1.40999996662,AUTO,4,11
514,44.3805162,-73.2589074,71.35,1.18999993801,AUTO,4,11
514,44.380517,-73.2589141,70.63,1.25,AUTO,4,11
514,44.3805176,-73.2589223,70.06,1.41999995708,AUTO,4,11
514,44.380523,-73.2589406,69.14,2.08999991417,AUTO,4,11
519,44.3805275,-73.2589521,68.47,2.07999992371,AUTO,4,11
519,44.3805299,-73.2589604,67.76,1.61000001431,AUTO,4,11
519,44.3805319,-73.2589677,67.09,1.44999992847,AUTO,4,11
519,44.3805342,-73.2589754,66.43,1.22000002861,AUTO,4,11
518,44.3805367,-73.2589824,65.81,1.23000001907,AUTO,4,11
518,44.3805408,-73.2589922,65.04,1.19999992847,AUTO,4,11
518,44.3805425,-73.2589957,64.8,1.52999997139,AUTO,4,11
519,44.3805475,-73.2590098,64.06,1.54999995232,AUTO,4,11
519,44.3805518,-73.2590188,63.49,1.74000000954,AUTO,4,11
519,44.3805556,-73.2590267,62.87,1.62999999523,AUTO,4,11
519,44.3805594,-73.2590359,62.28,1.75999999046,AUTO,4,11
521,44.3805629,-73.2590461,61.71,1.69999992847,AUTO,4,11
521,44.3805656,-73.2590547,61.12,1.58999991417,AUTO,4,11
521,44.3805669,-73.2590621,60.54,1.40999996662,AUTO,4,11
521,44.3805675,-73.2590674,59.88,0.759999990463,AUTO,4,11
522,44.3805718,-73.2590799,59.01,1.33999991417,AUTO,4,11
522,44.3805759,-73.2590918,58.54,1.99000000954,AUTO,4,11
522,44.3805813,-73.2591026,57.99,2.14999985695,AUTO,4,11
522,44.3805861,-73.2591114,57.41,1.59999990463,AUTO,4,11
522,44.3805894,-73.2591205,56.63,1.30999994278,AUTO,4,11
522,44.3805923,-73.259131,55.88,1.81999993324,AUTO,4,11
522,44.3805961,-73.2591427,55.22,1.99000000954,AUTO,4,11
522,44.3806001,-73.2591531,54.55,1.83999991417,AUTO,4,11
522,44.3806033,-73.2591611,53.93,1.35000002384,AUTO,4,11
522,44.3806059,-73.2591669,53.24,1.11000001431,AUTO,4,11
522,44.3806085,-73.2591758,52.27,1.00999999046,AUTO,4,11
523,44.3806112,-73.2591827,51.79,1.30999994278,AUTO,4,11
523,44.3806129,-73.2591902,51.43,1.22000002861,AUTO,4,11
523,44.3806149,-73.2591974,51.26,1.35000002384,AUTO,4,11
523,44.3806176,-73.2592011,51.15,1.15999996662,AUTO,4,11
522,44.3806192,-73.259201,51.09,0.379999995232,AUTO,4,11
522,44.3806191,-73.2591994,51.07,0.280000001192,AUTO,4,11
522,44.3806179,-73.2591974,51.08,0.409999996424,AUTO,4,11
522,44.3806168,-73.2591951,51.09,0.379999995232,AUTO,4,11
519,44.3806159,-73.2591933,51.11,0.259999990463,AUTO,4,11
519,44.3806142,-73.2591926,51.18,0.25,AUTO,4,11
519,44.3806133,-73.2591921,51.21,0.0499999970198,AUTO,4,11
520,44.380613,-73.2591914,51.24,0.229999989271,AUTO,4,11
520,44.3806131,-73.2591915,51.24,0.070000000298,AUTO,4,11
520,44.3806129,-73.2591918,51.23,0.0799999982119,AUTO,4,11
520,44.3806124,-73.2591924,51.27,0.179999992251,AUTO,4,11
521,44.3806127,-73.2591937,51.26,0.319999992847,AUTO,4,11
521,44.3806131,-73.2591939,51.23,0.0799999982119,AUTO,4,11
521,44.3806135,-73.2591939,51.2,0.0599999986589,AUTO,4,11
521,44.3806139,-73.259194,51.2,0.0799999982119,AUTO,4,11
523,44.3806143,-73.2591946,51.16,0.170000001788,AUTO,4,11
523,44.3806141,-73.2591941,51.12,0.0799999982119,AUTO,4,11
523,44.3806134,-73.2591941,51.12,0.019999999553,AUTO,4,11
523,44.3806136,-73.2591945,51.11,0.219999998808,AUTO,4,11
521,44.3806145,-73.2591955,51.13,0.140000000596,AUTO,4,11
521,44.3806152,-73.2591965,51.15,0.189999997616,AUTO,4,11
521,44.3806155,-73.2591958,51.11,0.239999994636,AUTO,4,11
522,44.3806153,-73.259194,51.12,0.370000004768,AUTO,4,11
522,44.380615,-73.2591934,51.15,0.269999980927,AUTO,4,11
522,44.3806153,-73.2591936,51.11,0.109999999404,AUTO,4,11
522,44.3806148,-73.2591934,51.09,0.140000000596,AUTO,4,11
522,44.3806142,-73.2591927,51.07,0.0899999961257,AUTO,4,11
522,44.3806144,-73.2591922,51.07,0.070000000298,AUTO,4,11
522,44.3806143,-73.2591928,51.05,0.170000001788,AUTO,4,11
522,44.380614,-73.2591936,51.03,0.280000001192,AUTO,4,11
523,44.3806137,-73.2591945,50.99,0.159999996424,AUTO,4,11
523,44.3806136,-73.2591941,50.99,0.0899999961257,AUTO,4,11
523,44.3806138,-73.2591941,51.0,0.070000000298,AUTO,4,11
523,44.3806147,-73.2591941,50.98,0.189999997616,AUTO,4,11
523,44.3806145,-73.2591931,51.04,0.209999993443,AUTO,4,11
523,44.3806144,-73.259192,51.07,0.359999984503,AUTO,4,11
523,44.3806149,-73.2591917,51.07,0.280000001192,AUTO,4,11
524,44.3806151,-73.2591933,51.11,0.280000001192,AUTO,4,11
524,44.3806152,-73.2591951,51.17,0.310000002384,AUTO,4,11
524,44.3806153,-73.2591952,51.24,0.310000002384,AUTO,4,11
524,44.3806163,-73.2591951,51.32,0.140000000596,AUTO,4,11
526,44.3806168,-73.259196,51.31,0.239999994636,AUTO,4,11
526,44.3806162,-73.2591969,51.22,0.140000000596,AUTO,4,11
526,44.3806151,-73.2591967,51.2,0.219999998808,AUTO,4,11
526,44.380614,-73.2591956,51.18,0.289999991655,AUTO,4,11
516,44.3806136,-73.2591957,51.18,0.109999999404,AUTO,4,11
516,44.3806139,-73.2591959,51.15,0.179999992251,AUTO,4,11
516,44.3806145,-73.259195,51.12,0.319999992847,AUTO,4,11
516,44.3806148,-73.2591933,51.1,0.149999991059,AUTO,4,11
512,44.3806144,-73.2591928,51.09,0.269999980927,AUTO,4,11
512,44.3806145,-73.259193,51.09,0.0999999940395,AUTO,4,11
512,44.3806146,-73.2591928,51.06,0.0399999991059,AUTO,4,11
509,44.3806137,-73.2591921,51.03,0.129999995232,AUTO,4,11
509,44.3806127,-73.2591916,51.16,0.140000000596,AUTO,4,11
509,44.3806121,-73.2591921,51.46,0.219999998808,AUTO,4,11
509,44.380613,-73.2591921,51.73,0.170000001788,AUTO,4,11
511,44.3806151,-73.2591917,51.85,0.699999988079,AUTO,4,11
511,44.3806166,-73.2591917,51.91,0.219999998808,AUTO,4,11
511,44.3806161,-73.2591931,51.98,0.0299999993294,AUTO,4,11
511,44.3806155,-73.2591949,52.04,0.25,AUTO,4,11
511,44.3806158,-73.2591965,52.07,0.209999993443,AUTO,4,11
511,44.3806166,-73.2591978,52.07,0.289999991655,AUTO,4,11
511,44.3806171,-73.2591981,52.06,0.0399999991059,AUTO,4,11
511,44.3806161,-73.2591968,52.08,0.280000001192,AUTO,4,11
514,44.3806155,-73.2591956,52.11,0.319999992847,AUTO,4,11
514,44.3806155,-73.2591949,52.11,0.00999999977648,AUTO,4,11
514,44.3806153,-73.2591949,52.09,0.140000000596,AUTO,4,11
516,44.3806147,-73.2591945,52.09,0.189999997616,AUTO,4,11
516,44.3806143,-73.2591939,52.13,0.140000000596,AUTO,4,11
516,44.3806141,-73.2591943,52.11,0.0799999982119,AUTO,4,11
516,44.3806132,-73.2591949,52.08,0.070000000298,AUTO,4,11
516,44.3806133,-73.2591947,52.06,0.140000000596,AUTO,4,11
516,44.3806135,-73.2591946,52.05,0.199999988079,AUTO,4,11
516,44.380614,-73.2591938,52.05,0.219999998808,AUTO,4,11
516,44.3806151,-73.2591936,52.09,0.179999992251,AUTO,4,11
514,44.3806163,-73.2591936,52.1,0.170000001788,AUTO,4,11
514,44.3806167,-73.2591925,52.1,0.219999998808,AUTO,4,11
514,44.3806155,-73.2591916,52.12,0.449999988079,AUTO,4,11
514,44.3806144,-73.2591919,52.17,0.399999976158,AUTO,4,11
511,44.3806144,-73.259192,52.17,0.0599999986589,AUTO,4,11
511,44.3806147,-73.2591929,52.18,0.269999980927,AUTO,4,11
511,44.3806152,-73.2591933,52.17,0.209999993443,AUTO,4,11
513,44.3806154,-73.2591931,52.17,0.280000001192,AUTO,4,11
513,44.3806152,-73.2591936,52.21,0.199999988079,AUTO,4,11
513,44.3806157,-73.2591936,52.25,0.109999999404,AUTO,4,11
513,44.3806159,-73.2591937,52.24,0.219999998808,AUTO,4,11
514,44.3806156,-73.2591943,52.24,0.0399999991059,AUTO,4,11
514,44.3806151,-73.2591954,52.26,0.189999997616,AUTO,4,11
514,44.3806153,-73.2591958,52.26,0.0599999986589,AUTO,4,11
514,44.3806156,-73.2591957,52.28,0.189999997616,AUTO,4,11
521,44.3806153,-73.2591953,52.27,0.219999998808,AUTO,4,11
521,44.380615,-73.259195,52.27,0.25,AUTO,4,11
521,44.3806149,-73.2591949,52.23,0.109999999404,AUTO,4,12
521,44.3806144,-73.2591946,52.22,0.159999996424,AUTO,4,12
522,44.3806143,-73.2591941,52.21,0.34999999404,AUTO,4,12
522,44.3806145,-73.2591934,52.22,0.0299999993294,AUTO,4,12
522,44.3806149,-73.2591932,52.17,0.129999995232,AUTO,4,12
520,44.3806148,-73.2591935,52.14,0.179999992251,AUTO,4,12
520,44.3806145,-73.2591944,52.12,0.0899999961257,AUTO,4,12
520,44.3806144,-73.259195,52.07,0.0599999986589,AUTO,4,12
520,44.3806144,-73.259195,52.05,0.189999997616,AUTO,4,12
520,44.3806142,-73.2591946,52.07,0.149999991059,AUTO,4,12
520,44.380614,-73.2591944,52.11,0.129999995232,AUTO,4,12
520,44.3806145,-73.2591943,52.11,0.209999993443,AUTO,4,12
520,44.380615,-73.2591945,52.12,0.209999993443,AUTO,4,12
519,44.380615,-73.2591946,52.15,0.070000000298,AUTO,4,12
519,44.3806151,-73.2591946,52.17,0.0499999970198,AUTO,4,12
519,44.380615,-73.259194,52.21,0.189999997616,AUTO,4,12
519,44.3806156,-73.2591928,52.28,0.0899999961257,AUTO,4,12
520,44.3806158,-73.2591927,52.27,0.129999995232,AUTO,4,12
520,44.3806154,-73.2591926,52.3,0.170000001788,AUTO,4,12
520,44.3806154,-73.2591944,52.33,0.0899999961257,AUTO,4,12
518,44.3806144,-73.2591966,52.5,0.479999989271,AUTO,4,12
518,44.3806129,-73.2591971,52.9,0.370000004768,AUTO,4,12
518,44.3806126,-73.2591984,53.33,0.219999998808,AUTO,4,12
518,44.3806137,-73.2592001,53.7,0.629999995232,AUTO,4,12
520,44.3806167,-73.2592012,53.88,0.550000011921,AUTO,4,12
520,44.3806174,-73.2592015,53.99,0.109999999404,AUTO,4,12
520,44.380616,-73.2592005,54.06,0.299999982119,AUTO,4,12
520,44.3806152,-73.2591994,54.14,0.379999995232,AUTO,4,12
520,44.3806154,-73.2591981,54.19,0.119999997318,AUTO,4,12
520,44.3806157,-73.2591984,54.2,0.0799999982119,AUTO,4,12
520,44.3806152,-73.2591981,54.24,0.25,AUTO,4,12
520,44.3806152,-73.2591981,54.24,0.149999991059,AUTO,4,12
521,44.3806153,-73.259199,54.22,0.289999991655,AUTO,4,12
521,44.3806148,-73.2591998,54.23,0.119999997318,AUTO,4,12
521,44.3806143,-73.2591998,54.22,0.119999997318,AUTO,4,12
523,44.3806142,-73.2591998,54.21,0.0799999982119,AUTO,4,12
523,44.3806141,-73.2592008,54.19,0.0999999940395,AUTO,4,12
523,44.3806145,-73.2592018,54.19,0.0899999961257,AUTO,4,12
523,44.3806151,-73.2592012,54.18,0.0899999961257,AUTO,4,12
523,44.3806151,-73.2592001,54.18,0.119999997318,AUTO,4,12
523,44.3806152,-73.2591994,54.15,0.129999995232,AUTO,4,12
523,44.3806155,-73.2591994,54.15,0.00999999977648,AUTO,4,12
523,44.3806155,-73.2592002,54.16,0.259999990463,AUTO,4,12
522,44.3806153,-73.2592007,54.16,0.189999997616,AUTO,4,12
522,44.3806151,-73.2592006,54.16,0.070000000298,AUTO,4,12
522,44.3806153,-73.2591999,54.11,0.0399999991059,AUTO,4,12
522,44.3806149,-73.2591998,54.08,0.070000000298,AUTO,4,12
520,44.3806149,-73.2592005,54.07,0.140000000596,AUTO,4,12
520,44.3806152,-73.259201,54.07,0.25,AUTO,4,12
520,44.3806157,-73.2592012,54.03,0.189999997616,AUTO,4,12
521,44.3806153,-73.2592008,54.0,0.119999997318,AUTO,4,12
521,44.3806149,-73.2592008,53.99,0.280000001192,AUTO,4,12
521,44.3806146,-73.2592005,53.99,0.0999999940395,AUTO,4,12
521,44.3806149,-73.2592007,54.0,0.179999992251,AUTO,4,12
520,44.380615,-73.2592007,54.0,0.129999995232,AUTO,4,12
520,44.3806151,-73.2592009,54.03,0.109999999404,AUTO,4,12
520,44.3806154,-73.259201,54.02,0.0799999982119,AUTO,4,12
520,44.3806159,-73.2592008,54.02,0.129999995232,AUTO,4,12
521,44.3806155,-73.2592006,54.01,0.170000001788,AUTO,4,12
521,44.3806149,-73.2592001,54.04,0.149999991059,AUTO,4,12
521,44.3806149,-73.2592003,54.04,0.239999994636,AUTO,4,12
521,44.380615,-73.2592011,54.02,0.179999992251,AUTO,4,12
523,44.3806149,-73.2592018,54.04,0.170000001788,AUTO,4,12
523,44.3806143,-73.2592027,54.06,0.289999991655,AUTO,4,12
523,44.3806148,-73.2592025,54.05,0.239999994636,AUTO,4,12
523,44.3806153,-73.2592013,54.06,0.259999990463,AUTO,4,12
523,44.3806154,-73.2592007,54.05,0.219999998808,AUTO,4,12
523,44.3806157,-73.2592011,54.02,0.209999993443,AUTO,4,12
523,44.3806158,-73.2592015,53.98,0.310000002384,AUTO,4,12
524,44.3806159,-73.2592017,53.98,0.25,AUTO,4,12
524,44.3806156,-73.2592004,53.97,0.239999994636,AUTO,4,12
524,44.3806153,-73.2591996,53.99,0.119999997318,AUTO,4,12
524,44.3806155,-73.2591996,54.01,0.199999988079,AUTO,4,12
522,44.3806158,-73.2592,54.02,0.0599999986589,AUTO,4,12
522,44.3806158,-73.2592008,54.05,0.119999997318,AUTO,4,12
522,44.3806159,-73.2592009,54.08,0.129999995232,AUTO,4,12
522,44.380616,-73.2592009,54.04,0.0599999986589,AUTO,4,12
523,44.3806152,-73.2592001,54.08,0.299999982119,AUTO,4,12
523,44.3806145,-73.2591999,54.1,0.25,AUTO,4,12
523,44.380614,-73.2592015,54.17,0.239999994636,AUTO,4,12
524,44.3806134,-73.2592013,54.41,0.340000003576,AUTO,4,12
524,44.3806121,-73.2591963,55.17,0.77999997139,AUTO,4,12
524,44.3806122,-73.2591929,55.98,0.599999964237,AUTO,4,12
524,44.3806132,-73.2591925,56.81,0.340000003576,AUTO,4,12
524,44.3806142,-73.2591943,57.6,0.379999995232,AUTO,4,12
524,44.3806151,-73.2591973,58.23,0.439999997616,AUTO,4,12
524,44.3806155,-73.2591987,58.59,0.129999995232,AUTO,4,12
524,44.3806159,-73.2591991,58.81,0.0999999940395,AUTO,4,12
524,44.3806163,-73.2591996,58.95,0.340000003576,AUTO,4,12
524,44.3806161,-73.2592011,59.02,0.0799999982119,AUTO,4,12
524,44.380617,-73.2591983,59.1,0.5,AUTO,4,12
524,44.3806174,-73.2591949,59.16,0.610000014305,AUTO,4,12
525,44.3806176,-73.259193,59.16,0.469999998808,AUTO,4,12
525,44.380618,-73.2591913,59.18,0.310000002384,AUTO,4,12
525,44.3806178,-73.2591897,59.18,0.469999998808,AUTO,4,12
526,44.380617,-73.2591887,59.13,0.329999983311,AUTO,4,12
526,44.3806168,-73.2591886,59.09,0.0899999961257,AUTO,4,12
526,44.3806173,-73.2591896,59.05,0.119999997318,AUTO,4,12
526,44.3806172,-73.2591904,59.02,0.149999991059,AUTO,4,12
528,44.3806164,-73.2591907,59.05,0.199999988079,AUTO,4,12
528,44.3806152,-73.2591908,59.06,0.319999992847,AUTO,4,12
528,44.3806143,-73.2591913,59.08,0.34999999404,AUTO,4,12
528,44.380614,-73.2591924,59.08,0.239999994636,AUTO,4,12
528,44.3806139,-73.2591936,59.08,0.0599999986589,AUTO,4,12
528,44.3806142,-73.2591934,59.15,0.239999994636,AUTO,4,12
528,44.3806144,-73.2591931,59.17,0.239999994636,AUTO,4,12
528,44.3806152,-73.2591938,59.23,0.0399999991059,AUTO,4,12
529,44.3806149,-73.2591944,59.26,0.129999995232,AUTO,4,12
529,44.3806141,-73.2591944,59.3,0.170000001788,AUTO,4,12
529,44.3806142,-73.2591945,59.3,0.0399999991059,AUTO,4,12
529,44.380615,-73.2591938,59.29,0.179999992251,AUTO,4,12
529,44.3806154,-73.2591919,59.33,0.179999992251,AUTO,4,12
529,44.380615,-73.2591914,59.34,0.0799999982119,AUTO,4,12
529,44.3806149,-73.2591911,59.33,0.0499999970198,AUTO,4,12
530,44.3806146,-73.259191,59.31,0.209999993443,AUTO,4,12
530,44.3806148,-73.2591915,59.25,0.149999991059,AUTO,4,12
530,44.3806151,-73.259192,59.2,0.0399999991059,AUTO,4,12
530,44.3806144,-73.2591923,59.17,0.140000000596,AUTO,4,12
531,44.380614,-73.2591925,59.15,0.070000000298,AUTO,4,12
531,44.3806139,-73.2591934,59.18,0.149999991059,AUTO,4,12
531,44.380614,-73.259194,59.16,0.0899999961257,AUTO,4,12
531,44.3806144,-73.2591941,59.13,0.0599999986589,AUTO,4,12
532,44.3806146,-73.259194,59.09,0.129999995232,AUTO,4,12
532,44.3806147,-73.2591937,59.12,0.0499999970198,AUTO,4,12
532,44.3806148,-73.2591938,59.15,0.0299999993294,AUTO,4,10
532,44.3806151,-73.2591944,59.14,0.0499999970198,AUTO,4,10
532,44.3806154,-73.259195,59.1,0.0799999982119,AUTO,4,10
532,44.3806157,-73.2591945,59.14,0.159999996424,AUTO,4,10
532,44.3806155,-73.2591941,59.15,0.170000001788,AUTO,4,10
532,44.3806147,-73.2591941,59.15,0.149999991059,AUTO,4,10
532,44.3806143,-73.259193,59.14,0.189999997616,AUTO,4,10
532,44.3806144,-73.2591929,59.19,0.129999995232,AUTO,4,10
532,44.3806148,-73.2591938,59.18,0.0499999970198,AUTO,4,10
532,44.3806156,-73.2591937,59.24,0.109999999404,AUTO,4,10
532,44.3806158,-73.2591952,59.2,0.229999989271,AUTO,4,10
532,44.3806154,-73.2591959,59.22,0.379999995232,AUTO,4,10
532,44.3806149,-73.2591958,59.22,0.00999999977648,AUTO,4,10
532,44.3806146,-73.2591954,59.23,0.229999989271,AUTO,4,10
532,44.3806136,-73.259195,59.2,0.149999991059,AUTO,4,10
532,44.3806133,-73.2591944,59.15,0.109999999404,AUTO,4,10
532,44.3806139,-73.2591938,59.1,0.340000003576,AUTO,4,10
532,44.3806151,-73.2591912,59.09,0.479999989271,AUTO,4,10
532,44.3806162,-73.2591893,59.33,0.399999976158,AUTO,4,10
532,44.3806167,-73.25919,59.85,0.25,AUTO,4,10
532,44.3806163,-73.2591908,60.64,0.070000000298,AUTO,4,10
532,44.3806159,-73.2591906,61.51,0.219999998808,AUTO,4,10
532,44.380615,-73.259191,62.45,0.239999994636,AUTO,4,10
532,44.3806139,-73.2591902,63.15,0.42999997735,AUTO,4,10
532,44.3806133,-73.2591876,63.73,0.52999997139,AUTO,4,10
532,44.3806135,-73.2591859,63.95,0.209999993443,AUTO,4,10
532,44.3806123,-73.2591868,63.98,0.379999995232,AUTO,4,10
532,44.3806086,-73.2591871,64.06,0.509999990463,AUTO,4,10
532,44.3806081,-73.2591878,64.07,0.379999995232,AUTO,4,10
532,44.3806095,-73.2591915,64.03,0.979999959469,AUTO,4,10
532,44.3806106,-73.2591963,64.06,0.909999966621,AUTO,4,10
529,44.3806114,-73.2591989,64.08,0.579999983311,AUTO,4,10
529,44.3806129,-73.2591991,64.12,0.509999990463,AUTO,4,10
529,44.3806148,-73.2591983,64.19,0.449999988079,AUTO,4,10
529,44.3806161,-73.2591991,64.2,0.399999976158,AUTO,4,10
529,44.380617,-73.2591993,64.23,0.299999982119,AUTO,4,10
529,44.3806176,-73.2591985,64.23,0.329999983311,AUTO,4,10
529,44.3806178,-73.2591976,64.24,0.109999999404,AUTO,4,10
529,44.3806173,-73.2591965,64.23,0.259999990463,AUTO,4,10
539,44.3806166,-73.2591959,64.23,0.209999993443,AUTO,4,10
539,44.3806166,-73.259195,64.19,0.070000000298,AUTO,4,10
539,44.3806168,-73.259194,64.16,0.129999995232,AUTO,4,10
539,44.3806162,-73.2591939,64.14,0.159999996424,AUTO,4,10
519,44.3806156,-73.259194,64.13,0.159999996424,AUTO,4,10
519,44.380615,-73.2591937,64.16,0.0599999986589,AUTO,4,10
519,44.3806155,-73.2591944,64.18,0.0499999970198,AUTO,4,10
526,44.3806167,-73.2591958,64.21,0.149999991059,AUTO,4,10
526,44.3806174,-73.2591957,64.16,0.199999988079,AUTO,4,10
526,44.3806162,-73.2591952,64.21,0.34999999404,AUTO,4,10
526,44.3806158,-73.2591964,64.38,0.179999992251,AUTO,4,10
525,44.3806171,-73.2591986,64.34,0.299999982119,AUTO,4,10
525,44.3806173,-73.2591996,64.12,0.229999989271,AUTO,4,10
525,44.3806128,-73.2591977,63.87,0.409999996424,AUTO,4,10
525,44.3806116,-73.2591959,63.85,0.629999995232,AUTO,4,10
527,44.3806116,-73.2591914,63.86,0.5,AUTO,4,10
527,44.380613,-73.25919,63.88,0.229999989271,AUTO,4,10
527,44.380614,-73.2591898,63.91,0.319999992847,AUTO,4,10
527,44.3806148,-73.2591896,63.94,0.159999996424,AUTO,4,10
532,44.3806158,-73.2591911,64.0,0.149999991059,AUTO,4,10
532,44.3806161,-73.2591924,64.05,0.379999995232,AUTO,4,10
532,44.380616,-73.2591936,64.1,0.159999996424,AUTO,4,10
509,44.3806163,-73.2591952,64.16,0.140000000596,AUTO,4,10
509,44.3806174,-73.2591967,64.21,0.340000003576,AUTO,4,10
509,44.3806181,-73.2591971,64.34,0.289999991655,AUTO,4,10
509,44.3806179,-73.2591971,64.35,0.159999996424,AUTO,4,10
513,44.3806167,-73.2591971,64.31,0.399999976158,AUTO,4,10
513,44.380614,-73.2591964,64.21,0.329999983311,AUTO,4,10
513,44.3806131,-73.259195,64.16,0.259999990463,AUTO,4,10
513,44.3806128,-73.2591933,64.11,0.469999998808,AUTO,4,10
511,44.3806127,-73.2591918,64.08,0.229999989271,AUTO,4,10
511,44.3806127,-73.2591912,64.06,0.219999998808,AUTO,4,10
511,44.380613,-73.2591915,64.08,0.179999992251,AUTO,4,10
511,44.3806142,-73.2591927,64.09,0.229999989271,AUTO,4,10
517,44.3806148,-73.2591935,64.09,0.209999993443,AUTO,4,10
517,44.3806152,-73.259195,64.15,0.340000003576,AUTO,4,10
517,44.3806159,-73.2591962,64.2,0.219999998808,AUTO,4,10
520,44.3806159,-73.2591965,64.16,0.0999999940395,AUTO,4,10
520,44.3806157,-73.2591953,64.18,0.179999992251,AUTO,4,10
520,44.3806156,-73.2591947,64.21,0.149999991059,AUTO,4,10
520,44.3806154,-73.2591936,64.18,0.019999999553,AUTO,4,10
523,44.3806148,-73.2591932,64.36,0.189999997616,AUTO,4,10
523,44.3806136,-73.2591938,64.81,0.52999997139,AUTO,4,10
523,44.380613,-73.2591933,65.5,0.340000003576,AUTO,4,10
523,44.3806129,-73.2591932,66.33,0.159999996424,AUTO,4,10
520,44.380613,-73.2591939,67.25,0.370000004768,AUTO,4,10
520,44.3806129,-73.2591941,68.25,0.140000000596,AUTO,4,10
520,44.3806128,-73.2591939,69.33,0.140000000596,AUTO,4,10
520,44.3806143,-73.2591927,70.99,0.239999994636,AUTO,4,10
527,44.3806153,-73.2591935,72.1,0.489999979734,AUTO,4,10
527,44.3806162,-73.2591947,73.27,0.34999999404,AUTO,4,10
527,44.3806158,-73.2591954,74.52,0.25,AUTO,4,10
504,44.3806159,-73.2591945,75.7,0.0999999940395,AUTO,4,10
504,44.3806163,-73.2591928,76.82,0.299999982119,AUTO,4,10
504,44.3806155,-73.2591931,78.62,0.170000001788,AUTO,4,10
504,44.3806142,-73.2591948,79.76,0.560000002384,AUTO,4,10
506,44.380614,-73.259196,80.96,0.0799999982119,AUTO,4,10
506,44.3806147,-73.2591955,82.11,0.179999992251,AUTO,4,10
506,44.3806152,-73.2591951,83.26,0.0799999982119,AUTO,4,10
506,44.3806147,-73.259195,84.36,0.189999997616,AUTO,4,10
503,44.3806142,-73.259195,85.55,0.0999999940395,AUTO,4,10
503,44.3806153,-73.2591951,87.36,0.439999997616,AUTO,4,10
503,44.3806162,-73.259195,88.47,0.370000004768,AUTO,4,10
503,44.3806164,-73.2591943,89.65,0.0599999986589,AUTO,4,10
506,44.380616,-73.2591936,90.81,0.259999990463,AUTO,4,10
506,44.3806159,-73.2591925,92.02,0.0499999970198,AUTO,4,10
506,44.3806168,-73.2591907,93.72,0.340000003576,AUTO,4,10
485,44.3806176,-73.2591904,94.83,0.0999999940395,AUTO,4,10
485,44.3806173,-73.2591906,95.99,0.0999999940395,AUTO,4,10
485,44.3806169,-73.2591904,97.06,0.269999980927,AUTO,4,10
485,44.3806174,-73.2591898,97.87,0.229999989271,AUTO,4,10
485,44.3806187,-73.2591902,98.37,0.259999990463,AUTO,4,10
485,44.3806193,-73.2591904,98.65,0.0799999982119,AUTO,4,10
485,44.380618,-73.2591913,98.8,0.370000004768,AUTO,4,10
485,44.3806159,-73.2591926,98.91,0.479999989271,AUTO,4,10
485,44.3806146,-73.2591929,98.98,0.170000001788,AUTO,4,10
485,44.3806146,-73.2591929,99.02,0.119999997318,AUTO,4,10
485,44.3806153,-73.2591935,99.06,0.199999988079,AUTO,4,10
485,44.380616,-73.2591943,99.08,0.269999980927,AUTO,4,10
482,44.380616,-73.2591952,99.07,0.209999993443,AUTO,4,10
482,44.3806158,-73.2591956,99.09,0.199999988079,AUTO,4,10
482,44.3806158,-73.2591951,99.08,0.0499999970198,AUTO,4,10
499,44.3806155,-73.2591943,99.09,0.109999999404,AUTO,4,10
499,44.3806152,-73.2591946,99.07,0.140000000596,AUTO,4,10
499,44.380615,-73.2591955,99.06,0.149999991059,AUTO,4,10
499,44.3806148,-73.2591963,99.09,0.189999997616,AUTO,4,10
505,44.3806149,-73.2591968,99.1,0.0499999970198,AUTO,4,10
505,44.3806153,-73.259197,99.13,0.149999991059,AUTO,4,10
505,44.3806163,-73.259199,99.25,0.219999998808,AUTO,4,10
505,44.380617,-73.2591991,99.24,0.189999997616,AUTO,4,10
510,44.3806165,-73.2591974,99.18,0.189999997616,AUTO,4,10
510,44.3806148,-73.2591953,99.16,0.469999998808,AUTO,4,10
510,44.3806136,-73.2591938,99.18,0.449999988079,AUTO,4,10
510,44.3806132,-73.2591921,99.18,0.419999986887,AUTO,4,10
505,44.3806132,-73.259191,99.19,0.140000000596,AUTO,4,10
505,44.3806132,-73.2591908,99.16,0.0999999940395,AUTO,4,10
505,44.3806129,-73.2591911,99.15,0.25,AUTO,4,10
421,44.3806133,-73.2591914,99.14,0.140000000596,AUTO,4,10
421,44.3806141,-73.2591914,99.11,0.449999988079,AUTO,4,10
421,44.3806138,-73.2591912,99.1,0.149999991059,AUTO,4,10
421,44.3806127,-73.2591913,99.13,0.209999993443,AUTO,4,10
425,44.3806132,-73.2591914,99.15,0.0499999970198,AUTO,4,10
425,44.3806142,-73.2591918,99.15,0.239999994636,AUTO,4,10
425,44.380615,-73.2591929,99.16,0.219999998808,AUTO,4,10
425,44.3806158,-73.259194,99.15,0.379999995232,AUTO,4,10
449,44.3806163,-73.2591952,99.15,0.319999992847,AUTO,4,10
449,44.3806168,-73.2591964,99.12,0.199999988079,AUTO,4,10
449,44.3806203,-73.2591994,99.1,0.439999997616,AUTO,4,10
449,44.3806256,-73.2592021,99.1,1.30999994278,AUTO,4,10
458,44.3806294,-73.259204,99.14,1.04999995232,AUTO,4,10
458,44.3806291,-73.2592052,99.18,0.280000001192,AUTO,4,10
458,44.3806276,-73.2592048,99.15,0.299999982119,AUTO,4,10
465,44.3806259,-73.2592021,99.11,0.589999973774,AUTO,4,10
465,44.3806219,-73.2591957,98.99,0.740000009537,AUTO,4,10
465,44.3806174,-73.2591928,99.06,1.0,AUTO,4,10
465,44.3806128,-73.2591909,99.12,1.09000003338,AUTO,4,10
464,44.3806106,-73.259189,99.0,0.709999978542,AUTO,4,10
464,44.3806127,-73.2591881,98.55,0.280000001192,AUTO,4,10
464,44.3806143,-73.2591883,97.91,0.579999983311,AUTO,4,10
464,44.3806147,-73.2591896,97.14,0.379999995232,AUTO,4,10
497,44.3806168,-73.2591901,96.06,0.579999983311,AUTO,4,10
497,44.3806187,-73.2591895,94.92,0.539999961853,AUTO,4,10
497,44.3806182,-73.2591902,93.54,0.109999999404,AUTO,4,10
497,44.3806159,-73.2591925,92.0,0.379999995232,AUTO,4,10
531,44.3806149,-73.2591933,90.4,0.459999978542,AUTO,4,10
531,44.3806137,-73.2591957,88.82,0.77999997139,AUTO,4,10
531,44.3806131,-73.2592028,87.19,1.17999994755,AUTO,4,10
560,44.3806134,-73.259206,86.08,0.199999988079,AUTO,4,10
560,44.3806112,-73.2591986,84.41,1.12999999523,AUTO,4,10
560,44.3806076,-73.2591963,83.26,0.899999976158,AUTO,4,10
560,44.3806102,-73.2591932,81.21,1.12999999523,AUTO,4,10
564,44.3806076,-73.2591925,78.51,0.219999998808,AUTO,4,10
564,44.380605,-73.2591934,76.24,0.819999992847,AUTO,4,10
564,44.3806086,-73.2591932,73.85,0.589999973774,AUTO,4,10
564,44.380612,-73.259187,70.74,0.930000007153,AUTO,4,10
560,44.3806149,-73.2591753,68.07,2.02999997139,AUTO,4,10
560,44.3806187,-73.2591781,64.85,0.810000002384,AUTO,4,10
560,44.3806282,-73.2591844,60.09,1.62000000477,AUTO,4,10
560,44.380635,-73.2591769,56.82,1.95999991894,AUTO,4,10
549,44.3806408,-73.2591788,52.89,1.35000002384,AUTO,4,10
549,44.3806425,-73.2591869,50.68,1.74000000954,AUTO,4,10
549,44.3806457,-73.2591874,48.97,3.72000002861,AUTO,4,10
547,44.3806533,-73.2591789,47.62,2.02999997139,AUTO,4,10
547,44.3806633,-73.2591658,46.67,2.3599998951,AUTO,4,10
547,44.3806772,-73.2591275,49.24,3.65999984741,AUTO,4,10
547,44.3806821,-73.2591125,49.14,3.31999993324,AUTO,4,10
546,44.3806832,-73.2591089,49.08,0.229999989271,AUTO,4,9
546,44.3806825,-73.2591091,49.03,0.0499999970198,AUTO,4,9
546,44.380682,-73.2591094,48.99,0.119999997318,AUTO,4,9
546,44.3806795,-73.2591148,48.94,0.070000000298,AUTO,4,10
544,44.380678,-73.2591187,48.94,0.0499999970198,AUTO,4,10
544,44.3806755,-73.259124,48.94,0.0599999986589,AUTO,4,10
544,44.3806738,-73.2591276,48.92,0.070000000298,AUTO,4,10
544,44.3806708,-73.2591359,48.92,0.0999999940395,AUTO,4,10
542,44.3806697,-73.2591391,48.94,0.0399999991059,AUTO,4,10
542,44.380668,-73.2591432,48.95,0.199999988079,AUTO,4,10
542,44.3806667,-73.2591463,48.96,0.140000000596,AUTO,4,10
539,44.3806654,-73.2591484,48.97,0.019999999553,AUTO,4,10
539,44.3806633,-73.2591517,48.99,0.070000000298,AUTO,4,10
539,44.3806624,-73.2591536,49.0,0.0399999991059,AUTO,4,10
539,44.3806606,-73.2591569,49.01,0.199999988079,AUTO,4,10
539,44.3806595,-73.2591587,49.05,0.0299999993294,AUTO,4,10
539,44.3806585,-73.2591615,49.04,0.119999997318,AUTO,4,10
539,44.3806577,-73.2591634,49.05,0.219999998808,AUTO,4,10
539,44.3806568,-73.2591656,49.03,0.070000000298,AUTO,4,10
536,44.3806559,-73.2591672,49.01,0.179999992251,AUTO,4,10
536,44.3806548,-73.259169,48.99,0.259999990463,AUTO,4,10
536,44.3806541,-73.2591699,48.99,0.259999990463,AUTO,4,10
536,44.3806528,-73.2591716,48.99,0.149999991059,AUTO,4,10
538,44.3806523,-73.2591726,49.01,0.119999997318,AUTO,4,10
538,44.3806521,-73.2591731,49.02,0.119999997318,AUTO,4,10
538,44.3806509,-73.2591751,49.01,0.179999992251,AUTO,4,10
538,44.3806507,-73.2591754,49.0,0.070000000298,AUTO,4,10
538,44.3806498,-73.2591762,49.01,0.159999996424,AUTO,4,10
538,44.3806492,-73.2591768,49.01,0.189999997616,AUTO,4,10
538,44.3806486,-73.2591768,49.01,0.0599999986589,AUTO,4,10
532,44.3806482,-73.2591774,49.0,0.34999999404,AUTO,4,10
532,44.3806474,-73.2591781,49.01,0.0799999982119,AUTO,4,10
532,44.3806469,-73.2591789,49.0,0.199999988079,AUTO,4,10
532,44.3806467,-73.2591797,49.0,0.149999991059,AUTO,4,10
532,44.3806462,-73.2591806,48.99,0.0399999991059,AUTO,4,10
532,44.3806452,-73.2591812,48.98,0.0599999986589,AUTO,4,10
532,44.3806446,-73.2591817,48.97,0.070000000298,AUTO,4,10
532,44.3806445,-73.2591814,48.98,0.070000000298,AUTO,4,10
533,44.3806439,-73.2591814,49.0,0.170000001788,AUTO,4,10
533,44.3806432,-73.2591815,48.98,0.170000001788,AUTO,4,10
533,44.3806431,-73.2591819,48.96,0.0399999991059,AUTO,4,10
534,44.3806428,-73.2591826,48.97,0.00999999977648,AUTO,4,10
534,44.3806424,-73.2591829,48.97,0.0799999982119,AUTO,4,10
534,44.380642,-73.2591836,48.97,0.070000000298,AUTO,4,10
534,44.3806413,-73.2591842,49.0,0.179999992251,AUTO,4,10
533,44.3806414,-73.2591843,49.0,0.149999991059,AUTO,4,10
533,44.3806416,-73.2591842,49.01,0.209999993443,AUTO,4,10
533,44.3806413,-73.2591846,49.01,0.0599999986589,AUTO,4,10
533,44.3806414,-73.2591843,49.01,0.129999995232,AUTO,4,10
534,44.3806414,-73.2591848,49.0,0.0499999970198,AUTO,4,10
534,44.3806416,-73.2591853,48.99,0.0899999961257,AUTO,4,10
534,44.3806418,-73.2591855,48.99,0.119999997318,AUTO,4,10
534,44.3806417,-73.2591848,48.98,0.219999998808,AUTO,4,10
534,44.3806416,-73.259185,48.95,0.170000001788,AUTO,4,10
534,44.3806414,-73.2591854,48.95,0.159999996424,AUTO,4,10
534,44.3806409,-73.2591865,48.97,0.0899999961257,AUTO,4,10
533,44.3806405,-73.2591867,48.95,0.140000000596,AUTO,4,10
533,44.3806401,-73.2591872,48.94,0.0399999991059,AUTO,4,10
533,44.3806389,-73.2591861,48.88,0.610000014305,AUTO,4,10
533,44.380638,-73.2591856,48.89,0.159999996424,AUTO,4,10
534,44.3806383,-73.2591862,48.92,0.070000000298,AUTO,4,10
534,44.3806386,-73.2591857,48.95,0.5,AUTO,4,10
534,44.3806391,-73.2591843,48.98,0.0399999991059,AUTO,4,10
534,44.3806391,-73.2591838,49.01,0.070000000298,AUTO,4,9
533,44.3806396,-73.2591837,49.02,0.239999994636,AUTO,4,9
533,44.3806407,-73.2591843,49.01,0.189999997616,AUTO,4,10
533,44.3806425,-73.2591847,49.04,0.269999980927,AUTO,4,10
533,44.3806434,-73.2591846,49.04,0.0499999970198,AUTO,4,10
532,44.3806443,-73.2591833,48.98,0.119999997318,AUTO,4,10
532,44.3806448,-73.2591833,48.95,0.719999969006,AUTO,4,10
532,44.3806449,-73.2591838,48.95,0.119999997318,AUTO,4,10
531,44.3806444,-73.2591837,49.03,0.340000003576,AUTO,4,10
531,44.3806443,-73.2591827,49.29,0.0999999940395,AUTO,4,10
531,44.3806443,-73.259184,49.66,0.25,AUTO,4,10
531,44.3806431,-73.2591855,49.78,0.34999999404,AUTO,4,10
523,44.3806419,-73.2591847,49.86,0.669999957085,AUTO,4,10
523,44.3806381,-73.2591833,50.0,0.839999973774,AUTO,4,10
523,44.3806311,-73.2591837,50.09,1.11000001431,AUTO,4,10
523,44.3806276,-73.2591832,50.09,0.579999983311,AUTO,4,10
523,44.3806267,-73.2591823,50.06,0.0599999986589,AUTO,4,10
523,44.3806267,-73.2591829,50.01,0.149999991059,AUTO,4,10
523,44.3806272,-73.2591824,50.01,0.289999991655,AUTO,4,10
523,44.3806274,-73.2591814,49.96,0.219999998808,AUTO,4,10
523,44.3806263,-73.2591813,49.96,0.259999990463,AUTO,4,10
523,44.3806227,-73.2591822,50.02,0.5,AUTO,4,10
523,44.3806187,-73.259183,49.95,0.729999959469,AUTO,4,10
523,44.3806142,-73.2591825,49.87,0.550000011921,AUTO,4,10
523,44.3806117,-73.2591832,49.77,0.909999966621,AUTO,4,10
523,44.380606,-73.2591838,49.76,0.8599999547,AUTO,4,10
523,44.3806022,-73.2591843,49.73,0.939999997616,AUTO,4,10
523,44.380595,-73.2591856,49.66,0.829999983311,AUTO,4,10
523,44.3805912,-73.2591848,49.69,0.939999997616,AUTO,4,10
523,44.3805871,-73.259184,49.73,1.16999995708,AUTO,4,10
523,44.3805809,-73.259184,49.67,0.909999966621,AUTO,4,10
523,44.3805782,-73.2591842,49.66,1.17999994755,AUTO,4,10
523,44.3805695,-73.2591814,49.77,1.37000000477,AUTO,4,10
523,44.3805649,-73.25918,49.75,1.40999996662,AUTO,4,10
523,44.380557,-73.2591771,49.8,1.49000000954,AUTO,4,10
523,44.3805531,-73.2591733,49.76,1.27999997139,AUTO,4,9
523,44.3805478,-73.2591601,49.83,1.89999997616,AUTO,4,10
523,44.380546,-73.2591534,49.79,1.36000001431,AUTO,4,10
522,44.3805436,-73.2591436,49.8,1.12000000477,AUTO,4,10
522,44.3805416,-73.2591386,49.75,1.40999996662,AUTO,4,10
522,44.3805393,-73.2591316,49.77,1.44999992847,AUTO,4,10
522,44.3805365,-73.2591177,49.72,1.25999999046,AUTO,4,10
522,44.3805354,-73.2591108,49.72,1.22000002861,AUTO,4,10
522,44.3805334,-73.2591,49.73,1.64999997616,AUTO,4,10
522,44.3805328,-73.2590924,49.74,1.42999994755,AUTO,4,10
522,44.3805308,-73.2590772,49.69,1.41999995708,AUTO,4,10
522,44.3805294,-73.2590693,49.67,1.4699999094,AUTO,4,10
522,44.3805271,-73.2590584,49.68,1.56999993324,AUTO,4,10
522,44.380526,-73.2590507,49.67,1.56999993324,AUTO,4,10
522,44.3805236,-73.2590392,49.68,1.70999991894,AUTO,4,10
522,44.3805212,-73.2590283,49.7,1.5,AUTO,4,10
522,44.3805188,-73.2590175,49.74,1.50999999046,AUTO,4,10
522,44.3805172,-73.2590108,49.7,1.42999994755,AUTO,4,10
522,44.3805157,-73.2590037,49.71,1.56999993324,AUTO,4,10
522,44.3805129,-73.258989,49.73,1.42999994755,AUTO,4,10
522,44.3805112,-73.2589818,49.71,1.28999996185,AUTO,4,10
522,44.3805083,-73.2589715,49.73,1.62999999523,AUTO,4,10
522,44.3805067,-73.258964,49.76,1.48000001907,AUTO,4,12
522,44.3805044,-73.2589536,49.75,1.55999994278,AUTO,4,12
522,44.3805031,-73.258943,49.78,1.33999991417,AUTO,4,12
522,44.3805018,-73.2589332,49.75,1.37000000477,AUTO,4,12
522,44.3805008,-73.2589266,49.76,1.26999998093,AUTO,4,12
522,44.3804995,-73.2589198,49.78,1.62000000477,AUTO,4,12
522,44.3804973,-73.2589047,49.82,1.33999991417,AUTO,4,12
522,44.3804958,-73.2588968,49.84,1.66999995708,AUTO,4,12
522,44.3804937,-73.2588858,49.85,1.40999996662,AUTO,4,12
522,44.3804929,-73.2588782,49.88,1.59999990463,AUTO,4,12
522,44.3804931,-73.2588702,49.83,1.68999993801,AUTO,4,12
522,44.3804974,-73.2588537,49.8,1.33999991417,AUTO,4,12
522,44.3805009,-73.2588442,49.83,1.48000001907,AUTO,4,12
522,44.3805035,-73.2588378,49.85,1.4699999094,AUTO,4,12
522,44.3805068,-73.2588292,49.9,1.39999997616,AUTO,4,12
522,44.3805105,-73.2588196,49.88,1.55999994278,AUTO,4,12
522,44.3805137,-73.2588088,49.88,1.55999994278,AUTO,4,12
522,44.3805162,-73.2588015,49.9,1.43999993801,AUTO,4,12
522,44.3805184,-73.2587944,49.9,1.36000001431,AUTO,4,12
522,44.3805221,-73.258785,49.94,1.35000002384,AUTO,4,12
522,44.380526,-73.2587753,50.02,1.50999999046,AUTO,4,12
522,44.3805303,-73.2587656,50.01,1.4699999094,AUTO,4,12
522,44.3805322,-73.2587588,49.99,1.70999991894,AUTO,4,12
522,44.3805359,-73.2587482,49.99,1.41999995708,AUTO,4,12
522,44.3805394,-73.2587385,50.03,1.37999999523,AUTO,4,12
522,44.3805434,-73.2587298,50.0,1.42999994755,AUTO,4,12
522,44.3805463,-73.2587231,50.01,1.66999995708,AUTO,4,12
522,44.3805502,-73.2587134,50.0,1.55999994278,AUTO,4,12
522,44.3805523,-73.2587067,50.02,1.45999991894,AUTO,4,12
522,44.3805568,-73.2586934,50.06,1.42999994755,AUTO,4,12
522,44.380559,-73.2586866,50.13,1.37999999523,AUTO,4,12
522,44.3805612,-73.2586803,50.14,1.50999999046,AUTO,4,12
522,44.3805652,-73.2586701,50.21,1.44999992847,AUTO,4,12
522,44.3805674,-73.2586641,50.23,1.62000000477,AUTO,4,12
522,44.3805732,-73.2586522,50.22,1.56999993324,AUTO,4,12
522,44.3805758,-73.2586459,50.25,1.50999999046,AUTO,4,12
522,44.3805791,-73.2586352,50.27,1.43999993801,AUTO,4,12
522,44.3805805,-73.2586276,50.32,1.43999993801,AUTO,4,12
522,44.380584,-73.2586142,50.31,1.5,AUTO,4,12
522,44.3805857,-73.2586075,50.3,1.37999999523,AUTO,4,11
522,44.3805879,-73.258597,50.28,1.40999996662,AUTO,4,11
522,44.3805888,-73.2585894,50.28,1.41999995708,AUTO,4,12
522,44.3805901,-73.2585821,50.27,1.37999999523,AUTO,4,12
522,44.380594,-73.2585683,50.32,1.30999994278,AUTO,4,12
522,44.3805963,-73.258562,50.32,1.50999999046,AUTO,4,11
522,44.3805994,-73.258552,50.34,1.38999998569,AUTO,4,11
522,44.3806016,-73.258545,50.32,1.58999991417,AUTO,4,11
522,44.3806041,-73.2585334,50.37,1.54999995232,AUTO,4,11
522,44.3806067,-73.2585226,50.45,1.36000001431,AUTO,4,11
521,44.3806088,-73.258511,50.49,1.73000001907,AUTO,4,11
521,44.38061,-73.2585035,50.51,1.58999991417,AUTO,4,11
521,44.3806105,-73.2584961,50.53,1.59999990463,AUTO,4,11
521,44.3806112,-73.2584819,50.58,1.52999997139,AUTO,4,11
521,44.3806114,-73.258475,50.61,1.42999994755,AUTO,4,11
521,44.3806105,-73.2584652,50.6,1.42999994755,AUTO,4,11
521,44.3806104,-73.2584587,50.65,1.28999996185,AUTO,4,11
520,44.3806103,-73.2584483,50.66,1.44999992847,AUTO,4,11
520,44.3806087,-73.2584367,50.6,1.43999993801,AUTO,4,11
520,44.3806092,-73.2584259,50.63,1.56999993324,AUTO,4,11
520,44.3806103,-73.2584187,50.65,1.38999998569,AUTO,4,11
520,44.3806105,-73.2584089,50.68,1.29999995232,AUTO,4,11
520,44.3806125,-73.2584001,50.71,1.24000000954,AUTO,4,11
520,44.3806139,-73.2583912,50.76,1.25,AUTO,4,11
520,44.3806154,-73.2583853,50.73,1.13999998569,AUTO,4,11
519,44.3806156,-73.2583797,50.71,1.14999997616,AUTO,4,11
519,44.3806167,-73.2583714,50.73,1.05999994278,AUTO,4,11
519,44.3806165,-73.2583652,50.78,0.769999980927,AUTO,4,11
519,44.3806162,-73.2583584,50.79,1.02999997139,AUTO,4,11
519,44.3806155,-73.2583544,50.82,0.870000004768,AUTO,4,11
519,44.380615,-73.2583492,50.88,0.77999997139,AUTO,4,11
519,44.3806154,-73.2583439,50.83,0.689999997616,AUTO,4,11
518,44.3806143,-73.2583385,50.87,0.839999973774,AUTO,4,11
518,44.3806132,-73.2583343,50.87,0.839999973774,AUTO,4,11
518,44.3806111,-73.2583255,50.91,1.41999995708,AUTO,4,11
518,44.3806082,-73.2583207,50.97,1.10000002384,AUTO,4,11
518,44.3806026,-73.2583155,51.03,1.09000003338,AUTO,4,11
518,44.3806009,-73.2583117,51.13,1.22000002861,AUTO,4,11
518,44.3805993,-73.2583052,51.15,1.15999996662,AUTO,4,11
518,44.3805996,-73.2582983,51.11,0.439999997616,AUTO,4,11
517,44.380599,-73.2582961,51.04,0.469999998808,AUTO,4,10
517,44.3805995,-73.2582939,51.02,0.219999998808,AUTO,4,9
517,44.3805999,-73.2582935,51.0,0.239999994636,AUTO,4,10
517,44.3806001,-73.2582935,50.99,0.0599999986589,AUTO,4,10
517,44.3806003,-73.258293,50.97,0.129999995232,AUTO,4,10
517,44.3806,-73.2582923,50.96,0.310000002384,AUTO,4,9
517,44.3806002,-73.258291,50.95,0.340000003576,AUTO,4,10
518,44.3806004,-73.258291,50.93,0.0899999961257,AUTO,4,10
518,44.3805998,-73.2582915,50.94,0.129999995232,AUTO,4,10
518,44.3805995,-73.2582916,50.93,0.140000000596,AUTO,4,10
518,44.3805994,-73.2582915,50.92,0.170000001788,AUTO,4,10
518,44.3805993,-73.2582919,50.91,0.219999998808,AUTO,4,10
518,44.3805997,-73.2582928,50.92,0.0299999993294,AUTO,4,10
518,44.3806,-73.2582917,50.92,0.0899999961257,AUTO,4,10
518,44.3805993,-73.2582898,50.91,0.159999996424,AUTO,4,10
523,44.3805983,-73.2582903,50.91,0.209999993443,AUTO,4,10
523,44.3805981,-73.2582896,50.92,0.070000000298,AUTO,4,10
523,44.3805983,-73.2582895,50.91,0.189999997616,AUTO,4,10
523,44.380598,-73.2582893,50.91,0.119999997318,AUTO,4,10
524,44.3805983,-73.2582889,50.91,0.070000000298,AUTO,4,10
524,44.3805981,-73.2582886,50.91,0.340000003576,AUTO,4,10
524,44.3805982,-73.2582899,50.92,0.0899999961257,AUTO,4,10
527,44.3805981,-73.2582903,50.91,0.209999993443,AUTO,4,10
527,44.3805989,-73.2582898,50.92,0.109999999404,AUTO,4,10
527,44.3805991,-73.2582895,50.94,0.189999997616,AUTO,4,10
527,44.3805993,-73.2582885,50.95,0.179999992251,AUTO,4,11
530,44.3805999,-73.2582886,50.96,0.259999990463,AUTO,4,11
530,44.3805993,-73.2582895,50.98,0.0999999940395,AUTO,4,11
530,44.3805995,-73.2582894,51.0,0.0799999982119,AUTO,4,11
530,44.3805991,-73.25829,51.01,0.109999999404,AUTO,4,11
531,44.3805983,-73.2582909,51.04,0.109999999404,AUTO,4,11
531,44.380598,-73.2582913,51.06,0.149999991059,AUTO,4,11
531,44.3805972,-73.2582926,51.06,0.0799999982119,AUTO,4,11
531,44.380597,-73.2582935,51.16,0.0999999940395,AUTO,4,11
535,44.3805966,-73.2582948,51.26,0.389999985695,AUTO,4,12
535,44.3805966,-73.2582964,51.18,0.280000001192,AUTO,4,11
535,44.3805978,-73.2582983,51.03,1.18999993801,AUTO,4,11
535,44.3805997,-73.2583056,50.91,1.00999999046,AUTO,4,11
535,44.380599,-73.2583118,50.93,1.16999995708,AUTO,4,11
535,44.380595,-73.2583184,50.91,1.19999992847,AUTO,4,11
535,44.3805873,-73.2583204,50.86,1.38999998569,AUTO,4,11
537,44.3805805,-73.2583181,50.82,1.65999996662,AUTO,4,11
537,44.3805752,-73.2583157,50.79,1.25999999046,AUTO,4,11
537,44.3805696,-73.2583124,50.78,1.10000002384,AUTO,4,11
537,44.3805671,-73.2583107,50.71,0.659999966621,AUTO,4,11
540,44.380566,-73.2583086,50.41,0.539999961853,AUTO,4,11
540,44.3805666,-73.258309,50.26,0.219999998808,AUTO,4,11
540,44.3805667,-73.2583085,50.16,0.179999992251,AUTO,4,10
540,44.380567,-73.2583086,50.09,0.140000000596,AUTO,4,9
541,44.3805709,-73.2583081,50.11,0.539999961853,AUTO,4,9
541,44.3805772,-73.2583043,50.12,4.0499997139,AUTO,4,9
541,44.3805875,-73.2582993,50.11,1.93999993801,AUTO,4,10
541,44.3806018,-73.2582995,50.12,2.95000004768,AUTO,4,9
541,44.3806196,-73.2582991,50.12,5.6299996376,AUTO,4,9
541,44.3806661,-73.2583109,50.13,7.13999986649,AUTO,4,8
541,44.3806745,-73.2583112,50.18,0.659999966621,AUTO,4,7
541,44.3806744,-73.2583122,50.27,0.599999964237,AUTO,4,8
541,44.3806725,-73.258317,50.28,0.810000002384,AUTO,4,9
541,44.3806699,-73.2583189,50.29,0.239999994636,AUTO,4,9
541,44.380661,-73.2583245,50.26,0.439999997616,AUTO,4,9
539,44.380659,-73.2583259,50.2,0.599999964237,AUTO,4,9
539,44.3806599,-73.2583222,50.15,1.45999991894,AUTO,4,10
539,44.3806611,-73.2583187,50.13,0.319999992847,AUTO,4,9
539,44.38066,-73.2583153,50.12,0.0499999970198,AUTO,4,9
538,44.3806595,-73.2583131,50.21,0.219999998808,AUTO,4,9
538,44.380657,-73.258315,50.35,0.25,AUTO,4,10
538,44.3806551,-73.2583163,50.38,0.0399999991059,AUTO,4,10
537,44.3806472,-73.2583177,50.34,0.0799999982119,AUTO,4,10
537,44.3806434,-73.2583183,50.36,0.0799999982119,AUTO,4,9
537,44.3806371,-73.2583211,50.36,0.140000000596,AUTO,4,11
537,44.3806347,-73.2583218,50.36,0.0799999982119,AUTO,4,10
537,44.3806307,-73.258326,50.3,0.289999991655,AUTO,4,10
537,44.3806251,-73.2583243,50.18,0.229999989271,AUTO,4,11
537,44.3806221,-73.2583255,50.18,0.0499999970198,AUTO,4,11
537,44.3806191,-73.2583251,50.18,0.419999986887,AUTO,4,10
536,44.3806184,-73.2583245,50.19,0.140000000596,AUTO,4,10
536,44.380617,-73.2583248,50.14,0.109999999404,AUTO,4,9
536,44.380616,-73.2583225,50.13,0.5,AUTO,4,10
536,44.3806145,-73.2583202,50.11,0.34999999404,AUTO,4,10
534,44.380613,-73.25832,50.12,0.819999992847,AUTO,4,8
534,44.3806126,-73.2583144,50.11,1.69999992847,AUTO,4,8
534,44.3806126,-73.2583109,50.12,0.070000000298,AUTO,4,8
533,44.3806122,-73.2583112,50.18,0.119999997318,AUTO,4,8
533,44.3806123,-73.2583113,50.29,0.199999988079,AUTO,4,8
533,44.3806118,-73.2583113,50.42,0.25,AUTO,4,8
533,44.3806106,-73.2583113,50.47,0.319999992847,AUTO,4,8
533,44.3806069,-73.258314,50.54,0.409999996424,AUTO,4,8
533,44.3806021,-73.2583124,50.57,0.319999992847,AUTO,4,9
533,44.380599,-73.2583089,50.59,0.42999997735,AUTO,4,9
533,44.3805953,-73.2583037,50.67,0.289999991655,AUTO,4,9
532,44.3805924,-73.2582995,50.7,0.159999996424,AUTO,4,9
532,44.3805874,-73.2582934,50.74,0.459999978542,AUTO,4,9
532,44.3805864,-73.2582945,50.78,0.159999996424,AUTO,4,10
532,44.3805854,-73.2582945,50.79,0.459999978542,AUTO,4,11
549,44.3805845,-73.2582912,50.82,0.189999997616,AUTO,4,11
549,44.3805841,-73.2582907,50.79,0.229999989271,AUTO,4,11
549,44.3805827,-73.2582912,50.77,0.299999982119,AUTO,4,11
583,44.3805812,-73.2582921,50.77,0.509999990463,AUTO,4,11
583,44.3805788,-73.258294,50.76,0.149999991059,AUTO,4,10
583,44.3805803,-73.2582899,50.64,0.25,AUTO,4,10
583,44.3805809,-73.2582869,50.43,0.479999989271,AUTO,4,10
587,44.3805818,-73.2582851,50.23,0.539999961853,AUTO,4,10
587,44.3805804,-73.2582817,50.15,0.879999995232,AUTO,4,10
587,44.3805778,-73.2582848,50.1,0.599999964237,AUTO,4,10
587,44.3805796,-73.2582834,50.11,0.0499999970198,AUTO,4,10
599,44.3805808,-73.2582802,50.1,0.52999997139,AUTO,4,10
599,44.3805816,-73.2582794,50.12,0.299999982119,AUTO,4,10
599,44.3805801,-73.2582799,50.12,0.179999992251,AUTO,4,9
599,44.3805783,-73.2582835,50.12,0.159999996424,AUTO,4,9
606,44.3805776,-73.2582857,50.1,0.109999999404,AUTO,4,9
606,44.3805772,-73.2582872,50.1,0.070000000298,AUTO,4,10
606,44.3805761,-73.2582886,50.11,0.0999999940395,AUTO,4,10
611,44.3805762,-73.2582909,50.12,0.199999988079,AUTO,4,10
611,44.3805761,-73.2582901,50.14,0.0899999961257,AUTO,4,10
611,44.3805762,-73.2582904,50.13,0.109999999404,AUTO,4,10
611,44.3805757,-73.2582902,50.15,0.149999991059,AUTO,4,10
621,44.3805753,-73.2582893,50.16,0.319999992847,AUTO,4,10
621,44.380575,-73.2582895,50.15,0.0999999940395,AUTO,4,10
621,44.3805752,-73.2582883,50.15,0.189999997616,AUTO,4,10
621,44.3805755,-73.2582883,50.17,0.170000001788,AUTO,4,10
617,44.3805761,-73.2582876,50.18,0.209999993443,AUTO,4,10
617,44.3805765,-73.258287,50.15,0.119999997318,AUTO,4,10
617,44.3805771,-73.2582869,50.16,0.0499999970198,AUTO,4,10
617,44.3805777,-73.2582873,50.16,0.129999995232,AUTO,4,10
615,44.3805785,-73.2582882,50.17,0.0599999986589,AUTO,4,10
615,44.3805788,-73.2582881,50.18,0.239999994636,AUTO,4,10
615,44.3805788,-73.2582873,50.21,0.170000001788,AUTO,4,10
612,44.3805792,-73.2582877,50.21,0.149999991059,AUTO,4,10
612,44.3805792,-73.2582874,50.19,0.159999996424,AUTO,4,10
612,44.3805796,-73.2582874,50.17,0.269999980927,AUTO,4,10
612,44.3805796,-73.2582879,50.17,0.269999980927,AUTO,4,10
609,44.3805797,-73.2582881,50.17,0.0299999993294,AUTO,4,10
609,44.3805799,-73.2582888,50.16,0.179999992251,AUTO,4,10
609,44.3805799,-73.2582889,50.17,0.070000000298,AUTO,4,11
609,44.38058,-73.2582895,50.17,0.149999991059,AUTO,4,11
605,44.38058,-73.2582899,50.16,0.0299999993294,AUTO,4,11
605,44.3805799,-73.2582901,50.16,0.170000001788,AUTO,4,11